attendance,mid,internal,final,avg_marks,recommendation
54,37,62,77,59,FOCUS_MIDTERM
89,39,53,34,42,FOCUS_MIDTERM
42,23,66,21,37,IMPROVE_ATTENDANCE
71,27,76,23,42,FOCUS_MIDTERM
41,59,31,28,39,IMPROVE_ATTENDANCE
73,28,62,35,42,FOCUS_MIDTERM
71,93,65,31,63,FOCUS_FINAL
50,27,66,38,44,FOCUS_MIDTERM
100,36,47,73,52,FOCUS_MIDTERM
66,87,77,73,79,GENERAL_IMPROVEMENT
61,73,79,90,81,GENERAL_IMPROVEMENT
33,77,93,78,83,IMPROVE_ATTENDANCE
98,57,56,45,53,GENERAL_IMPROVEMENT
71,59,87,98,81,GENERAL_IMPROVEMENT
68,90,64,34,63,FOCUS_FINAL
57,29,58,100,62,FOCUS_MIDTERM
34,33,35,48,39,IMPROVE_ATTENDANCE
96,24,22,96,47,FOCUS_MIDTERM
35,36,59,33,43,IMPROVE_ATTENDANCE
31,74,60,73,69,IMPROVE_ATTENDANCE
52,88,94,28,70,FOCUS_FINAL
74,34,65,85,61,FOCUS_MIDTERM
32,35,93,28,52,IMPROVE_ATTENDANCE
53,74,20,70,55,FOCUS_INTERNAL
42,45,91,56,64,IMPROVE_ATTENDANCE
32,95,20,67,61,IMPROVE_ATTENDANCE
81,23,32,66,40,FOCUS_MIDTERM
77,87,26,100,71,FOCUS_INTERNAL
96,71,33,54,53,FOCUS_INTERNAL
53,55,71,95,74,GENERAL_IMPROVEMENT
59,39,21,23,28,FOCUS_MIDTERM
33,27,32,21,27,IMPROVE_ATTENDANCE
32,22,31,52,35,IMPROVE_ATTENDANCE
34,98,61,33,64,IMPROVE_ATTENDANCE
91,51,45,95,64,GENERAL_IMPROVEMENT
64,58,75,58,64,GENERAL_IMPROVEMENT
76,73,57,28,53,FOCUS_FINAL
31,36,70,65,57,IMPROVE_ATTENDANCE
36,80,49,55,61,IMPROVE_ATTENDANCE
86,69,44,22,45,FOCUS_FINAL
70,86,59,89,78,GENERAL_IMPROVEMENT
80,52,45,60,52,GENERAL_IMPROVEMENT
100,72,23,59,51,FOCUS_INTERNAL
79,75,78,66,73,GENERAL_IMPROVEMENT
43,24,23,30,26,IMPROVE_ATTENDANCE
84,79,53,58,63,GENERAL_IMPROVEMENT
43,69,60,98,76,IMPROVE_ATTENDANCE
98,82,60,93,78,GOOD_PROGRESS
76,22,77,25,41,FOCUS_MIDTERM
32,76,66,57,66,IMPROVE_ATTENDANCE
64,89,71,94,85,GENERAL_IMPROVEMENT
87,34,86,71,64,FOCUS_MIDTERM
94,83,21,36,47,FOCUS_INTERNAL
40,37,44,29,37,IMPROVE_ATTENDANCE
43,28,53,68,50,IMPROVE_ATTENDANCE
69,20,40,49,36,FOCUS_MIDTERM
39,97,32,45,58,IMPROVE_ATTENDANCE
49,60,67,70,66,IMPROVE_ATTENDANCE
44,28,20,43,30,IMPROVE_ATTENDANCE
42,23,20,92,45,IMPROVE_ATTENDANCE
71,38,37,52,42,FOCUS_MIDTERM
71,61,46,79,62,GENERAL_IMPROVEMENT
35,71,93,94,86,IMPROVE_ATTENDANCE
90,22,58,27,36,FOCUS_MIDTERM
89,70,98,70,79,GOOD_PROGRESS
34,38,98,90,75,IMPROVE_ATTENDANCE
55,32,78,87,66,FOCUS_MIDTERM
75,22,56,80,53,FOCUS_MIDTERM
32,74,53,76,68,IMPROVE_ATTENDANCE
65,29,22,57,36,FOCUS_MIDTERM
36,33,92,78,68,IMPROVE_ATTENDANCE
43,97,76,33,69,IMPROVE_ATTENDANCE
74,41,33,25,33,FOCUS_INTERNAL
94,21,88,100,70,FOCUS_MIDTERM
98,45,94,98,79,GOOD_PROGRESS
83,88,41,57,62,GENERAL_IMPROVEMENT
100,52,100,92,81,GOOD_PROGRESS
51,63,93,60,72,GENERAL_IMPROVEMENT
76,99,48,82,76,GENERAL_IMPROVEMENT
44,46,81,20,49,IMPROVE_ATTENDANCE
70,42,58,27,42,FOCUS_FINAL
38,99,42,72,71,IMPROVE_ATTENDANCE
52,25,26,95,49,FOCUS_MIDTERM
74,27,96,81,68,FOCUS_MIDTERM
57,79,59,78,72,GENERAL_IMPROVEMENT
89,76,77,96,83,GOOD_PROGRESS
32,60,60,36,52,IMPROVE_ATTENDANCE
34,25,83,26,45,IMPROVE_ATTENDANCE
57,53,76,82,70,GENERAL_IMPROVEMENT
95,69,50,52,57,GENERAL_IMPROVEMENT
42,82,72,36,63,IMPROVE_ATTENDANCE
64,37,88,31,52,FOCUS_MIDTERM
51,77,57,38,57,FOCUS_FINAL
61,32,52,74,53,FOCUS_MIDTERM
94,97,21,72,63,FOCUS_INTERNAL
76,56,76,58,63,GENERAL_IMPROVEMENT
76,35,61,75,57,FOCUS_MIDTERM
53,88,60,70,73,GENERAL_IMPROVEMENT
91,88,35,71,65,FOCUS_INTERNAL
68,42,64,76,61,GENERAL_IMPROVEMENT
78,92,43,71,69,GENERAL_IMPROVEMENT
85,93,99,57,83,GOOD_PROGRESS
43,88,61,82,77,IMPROVE_ATTENDANCE
53,57,40,45,47,GENERAL_IMPROVEMENT
76,39,59,86,61,FOCUS_MIDTERM
95,80,88,49,72,GENERAL_IMPROVEMENT
58,96,85,67,83,GENERAL_IMPROVEMENT
31,44,94,82,73,IMPROVE_ATTENDANCE
93,51,30,28,36,FOCUS_INTERNAL
67,54,92,33,60,FOCUS_FINAL
58,43,28,69,47,FOCUS_INTERNAL
71,49,99,45,64,GENERAL_IMPROVEMENT
48,57,30,59,49,IMPROVE_ATTENDANCE
77,34,56,41,44,FOCUS_MIDTERM
55,37,23,81,47,FOCUS_MIDTERM
90,97,55,96,83,GOOD_PROGRESS
77,93,37,77,69,FOCUS_INTERNAL
31,59,40,91,63,IMPROVE_ATTENDANCE
90,64,39,22,42,FOCUS_INTERNAL
81,73,60,100,78,GOOD_PROGRESS
84,79,88,22,63,FOCUS_FINAL
40,73,90,34,66,IMPROVE_ATTENDANCE
58,91,91,38,73,FOCUS_FINAL
100,70,22,70,54,FOCUS_INTERNAL
45,65,75,66,69,IMPROVE_ATTENDANCE
84,71,31,30,44,FOCUS_INTERNAL
88,70,46,80,65,GENERAL_IMPROVEMENT
37,98,78,48,75,IMPROVE_ATTENDANCE
65,49,92,73,71,GENERAL_IMPROVEMENT
88,34,73,58,55,FOCUS_MIDTERM
40,42,22,96,53,IMPROVE_ATTENDANCE
74,72,29,21,41,FOCUS_INTERNAL
55,64,56,100,73,GENERAL_IMPROVEMENT
32,23,21,66,37,IMPROVE_ATTENDANCE
76,59,28,94,60,FOCUS_INTERNAL
39,60,70,43,58,IMPROVE_ATTENDANCE
30,72,77,79,76,IMPROVE_ATTENDANCE
63,38,66,83,62,FOCUS_MIDTERM
87,71,25,37,44,FOCUS_INTERNAL
66,21,95,50,55,FOCUS_MIDTERM
70,43,52,71,55,GENERAL_IMPROVEMENT
76,90,24,72,62,FOCUS_INTERNAL
87,44,22,52,39,FOCUS_INTERNAL
85,34,32,62,43,FOCUS_MIDTERM
36,86,60,68,71,IMPROVE_ATTENDANCE
86,78,67,23,56,FOCUS_FINAL
56,21,30,67,39,FOCUS_MIDTERM
94,72,28,44,48,FOCUS_INTERNAL
54,52,50,99,67,GENERAL_IMPROVEMENT
76,86,79,90,85,GENERAL_IMPROVEMENT
54,80,62,82,75,GENERAL_IMPROVEMENT
95,65,91,41,66,GENERAL_IMPROVEMENT
90,75,90,35,67,FOCUS_FINAL
41,28,53,95,59,IMPROVE_ATTENDANCE
34,94,79,32,68,IMPROVE_ATTENDANCE
82,43,53,54,50,GENERAL_IMPROVEMENT
55,98,28,82,69,FOCUS_INTERNAL
45,80,33,59,57,IMPROVE_ATTENDANCE
43,54,82,81,72,IMPROVE_ATTENDANCE
33,97,35,47,60,IMPROVE_ATTENDANCE
64,70,44,92,69,GENERAL_IMPROVEMENT
81,53,58,88,66,GENERAL_IMPROVEMENT
90,52,76,78,69,GENERAL_IMPROVEMENT
57,76,88,84,83,GENERAL_IMPROVEMENT
97,47,67,95,70,GENERAL_IMPROVEMENT
99,58,95,50,68,GENERAL_IMPROVEMENT
53,39,88,42,56,FOCUS_MIDTERM
94,89,86,35,70,FOCUS_FINAL
93,28,72,29,43,FOCUS_MIDTERM
30,69,91,48,69,IMPROVE_ATTENDANCE
89,57,47,94,66,GENERAL_IMPROVEMENT
77,29,42,83,51,FOCUS_MIDTERM
79,40,41,65,49,GENERAL_IMPROVEMENT
81,69,21,80,57,FOCUS_INTERNAL
30,20,36,26,27,IMPROVE_ATTENDANCE
46,61,30,76,56,IMPROVE_ATTENDANCE
42,40,41,44,42,IMPROVE_ATTENDANCE
84,56,25,81,54,FOCUS_INTERNAL
71,86,60,88,78,GENERAL_IMPROVEMENT
67,93,98,75,89,GENERAL_IMPROVEMENT
78,39,71,76,62,FOCUS_MIDTERM
39,25,36,45,35,IMPROVE_ATTENDANCE
61,95,48,69,71,GENERAL_IMPROVEMENT
59,92,42,28,54,FOCUS_FINAL
93,67,77,73,72,GENERAL_IMPROVEMENT
40,68,39,51,53,IMPROVE_ATTENDANCE
49,54,42,22,39,IMPROVE_ATTENDANCE
79,90,20,87,66,FOCUS_INTERNAL
82,30,77,40,49,FOCUS_MIDTERM
93,92,43,93,76,GOOD_PROGRESS
46,21,23,22,22,IMPROVE_ATTENDANCE
54,79,53,69,67,GENERAL_IMPROVEMENT
83,27,60,44,44,FOCUS_MIDTERM
82,37,72,21,43,FOCUS_MIDTERM
38,37,64,97,66,IMPROVE_ATTENDANCE
38,100,70,50,73,IMPROVE_ATTENDANCE
64,99,87,36,74,FOCUS_FINAL
54,58,87,41,62,GENERAL_IMPROVEMENT
38,78,83,42,68,IMPROVE_ATTENDANCE
94,84,94,30,69,FOCUS_FINAL
54,77,81,63,74,GENERAL_IMPROVEMENT
55,69,45,48,54,GENERAL_IMPROVEMENT
93,29,79,39,49,FOCUS_MIDTERM
30,89,48,99,79,IMPROVE_ATTENDANCE
37,32,89,23,48,IMPROVE_ATTENDANCE
93,48,82,39,56,FOCUS_FINAL
99,74,92,63,76,GOOD_PROGRESS
84,75,49,56,60,GENERAL_IMPROVEMENT
50,73,97,44,71,GENERAL_IMPROVEMENT
54,94,42,81,72,GENERAL_IMPROVEMENT
33,58,74,77,70,IMPROVE_ATTENDANCE
44,51,58,31,47,IMPROVE_ATTENDANCE
54,73,60,39,57,FOCUS_FINAL
93,61,67,72,67,GENERAL_IMPROVEMENT
68,62,40,99,67,GENERAL_IMPROVEMENT
45,23,98,99,73,IMPROVE_ATTENDANCE
64,20,23,64,36,FOCUS_MIDTERM
43,40,94,100,78,IMPROVE_ATTENDANCE
49,31,85,28,48,IMPROVE_ATTENDANCE
89,37,86,70,64,FOCUS_MIDTERM
58,46,86,57,63,GENERAL_IMPROVEMENT
97,30,74,90,65,FOCUS_MIDTERM
80,47,98,86,77,GENERAL_IMPROVEMENT
47,52,25,96,58,IMPROVE_ATTENDANCE
63,58,41,80,60,GENERAL_IMPROVEMENT
42,90,38,68,65,IMPROVE_ATTENDANCE
33,60,40,38,46,IMPROVE_ATTENDANCE
97,78,29,99,69,FOCUS_INTERNAL
30,57,68,31,52,IMPROVE_ATTENDANCE
32,68,97,20,62,IMPROVE_ATTENDANCE
63,87,25,30,47,FOCUS_INTERNAL
75,83,91,79,84,GENERAL_IMPROVEMENT
51,55,32,57,48,FOCUS_INTERNAL
42,77,70,22,56,IMPROVE_ATTENDANCE
89,89,38,90,72,FOCUS_INTERNAL
32,84,40,39,54,IMPROVE_ATTENDANCE
76,71,61,64,65,GENERAL_IMPROVEMENT
86,25,51,51,42,FOCUS_MIDTERM
95,75,21,75,57,FOCUS_INTERNAL
39,22,56,42,40,IMPROVE_ATTENDANCE
71,94,23,21,46,FOCUS_INTERNAL
98,48,29,71,49,FOCUS_INTERNAL
94,57,29,24,37,FOCUS_INTERNAL
73,24,68,85,59,FOCUS_MIDTERM
92,57,54,50,54,GENERAL_IMPROVEMENT
77,76,48,67,64,GENERAL_IMPROVEMENT
89,24,80,83,62,FOCUS_MIDTERM
97,100,84,26,70,FOCUS_FINAL
90,93,96,38,76,FOCUS_FINAL
98,44,100,91,78,GOOD_PROGRESS
86,90,22,88,67,FOCUS_INTERNAL
70,86,46,59,64,GENERAL_IMPROVEMENT
90,97,81,75,84,GOOD_PROGRESS
91,90,88,92,90,GOOD_PROGRESS
95,53,48,74,58,GENERAL_IMPROVEMENT
90,78,69,33,60,FOCUS_FINAL
52,38,56,74,56,FOCUS_MIDTERM
94,22,72,65,53,FOCUS_MIDTERM
62,25,40,70,45,FOCUS_MIDTERM
91,74,87,44,68,GENERAL_IMPROVEMENT
67,50,34,99,61,FOCUS_INTERNAL
69,41,89,53,61,GENERAL_IMPROVEMENT
53,74,22,35,44,FOCUS_INTERNAL
31,62,74,41,59,IMPROVE_ATTENDANCE
94,72,45,55,57,GENERAL_IMPROVEMENT
37,60,93,87,80,IMPROVE_ATTENDANCE
48,76,60,96,77,IMPROVE_ATTENDANCE
58,72,90,22,61,FOCUS_FINAL
68,97,77,80,85,GENERAL_IMPROVEMENT
37,30,35,36,34,IMPROVE_ATTENDANCE
74,77,41,53,57,GENERAL_IMPROVEMENT
43,74,48,72,65,IMPROVE_ATTENDANCE
30,47,68,26,47,IMPROVE_ATTENDANCE
51,97,26,53,59,FOCUS_INTERNAL
83,38,76,48,54,FOCUS_MIDTERM
42,32,30,88,50,IMPROVE_ATTENDANCE
56,99,93,38,77,FOCUS_FINAL
49,51,94,25,57,IMPROVE_ATTENDANCE
52,88,47,72,69,GENERAL_IMPROVEMENT
77,86,97,57,80,GENERAL_IMPROVEMENT
58,58,57,70,62,GENERAL_IMPROVEMENT
36,47,73,71,64,IMPROVE_ATTENDANCE
60,37,53,94,61,FOCUS_MIDTERM
44,31,48,30,36,IMPROVE_ATTENDANCE
84,88,46,60,65,GENERAL_IMPROVEMENT
73,38,79,63,60,FOCUS_MIDTERM
82,24,31,72,42,FOCUS_MIDTERM
66,59,44,26,43,FOCUS_FINAL
50,72,100,61,78,GENERAL_IMPROVEMENT
80,75,47,59,60,GENERAL_IMPROVEMENT
62,34,20,68,41,FOCUS_MIDTERM
53,40,63,61,55,GENERAL_IMPROVEMENT
55,27,86,45,53,FOCUS_MIDTERM
81,79,21,69,56,FOCUS_INTERNAL
60,74,40,92,69,GENERAL_IMPROVEMENT
76,78,38,86,67,FOCUS_INTERNAL
57,63,55,91,70,GENERAL_IMPROVEMENT
90,63,62,77,67,GENERAL_IMPROVEMENT
42,91,72,21,61,IMPROVE_ATTENDANCE
51,30,44,37,37,FOCUS_MIDTERM
95,52,62,80,65,GENERAL_IMPROVEMENT
30,20,29,47,32,IMPROVE_ATTENDANCE
91,41,59,23,41,FOCUS_FINAL
45,49,36,64,50,IMPROVE_ATTENDANCE
33,90,38,62,63,IMPROVE_ATTENDANCE
79,69,63,65,66,GENERAL_IMPROVEMENT
82,94,31,63,63,FOCUS_INTERNAL
83,83,54,39,59,FOCUS_FINAL
40,51,77,56,61,IMPROVE_ATTENDANCE
99,90,55,88,78,GOOD_PROGRESS
67,54,81,27,54,FOCUS_FINAL
79,28,92,49,56,FOCUS_MIDTERM
56,94,54,34,61,FOCUS_FINAL
73,70,76,84,77,GENERAL_IMPROVEMENT
76,84,48,26,53,FOCUS_FINAL
91,63,35,26,41,FOCUS_INTERNAL
64,41,98,73,71,GENERAL_IMPROVEMENT
79,58,21,23,34,FOCUS_INTERNAL
60,70,27,86,61,FOCUS_INTERNAL
83,87,34,93,71,FOCUS_INTERNAL
31,38,95,43,59,IMPROVE_ATTENDANCE
49,95,88,77,87,IMPROVE_ATTENDANCE
96,72,87,61,73,GENERAL_IMPROVEMENT
48,84,66,75,75,IMPROVE_ATTENDANCE
37,49,57,74,60,IMPROVE_ATTENDANCE
77,21,72,33,42,FOCUS_MIDTERM
46,28,62,82,57,IMPROVE_ATTENDANCE
69,71,69,25,55,FOCUS_FINAL
83,63,73,34,57,FOCUS_FINAL
43,54,96,81,77,IMPROVE_ATTENDANCE
99,97,44,55,65,GENERAL_IMPROVEMENT
97,65,97,25,62,FOCUS_FINAL
64,34,91,68,64,FOCUS_MIDTERM
97,41,79,30,50,FOCUS_FINAL
54,94,100,55,83,GENERAL_IMPROVEMENT
74,83,83,96,87,GENERAL_IMPROVEMENT
89,62,51,47,53,GENERAL_IMPROVEMENT
31,30,38,58,42,IMPROVE_ATTENDANCE
74,67,87,65,73,GENERAL_IMPROVEMENT
38,36,67,90,64,IMPROVE_ATTENDANCE
45,94,96,38,76,IMPROVE_ATTENDANCE
50,25,59,90,58,FOCUS_MIDTERM
35,97,71,77,82,IMPROVE_ATTENDANCE
64,30,63,63,52,FOCUS_MIDTERM
76,66,85,25,59,FOCUS_FINAL
67,25,33,72,43,FOCUS_MIDTERM
72,84,22,25,44,FOCUS_INTERNAL
34,57,44,68,56,IMPROVE_ATTENDANCE
92,34,83,21,46,FOCUS_MIDTERM
45,42,57,62,54,IMPROVE_ATTENDANCE
53,42,20,79,47,FOCUS_INTERNAL
43,79,57,90,75,IMPROVE_ATTENDANCE
97,95,54,79,76,GOOD_PROGRESS
87,86,74,92,84,GOOD_PROGRESS
33,22,47,61,43,IMPROVE_ATTENDANCE
50,73,24,93,63,FOCUS_INTERNAL
98,80,62,53,65,GENERAL_IMPROVEMENT
68,23,70,54,49,FOCUS_MIDTERM
44,60,35,41,45,IMPROVE_ATTENDANCE
79,46,33,34,38,FOCUS_INTERNAL
86,66,32,35,44,FOCUS_INTERNAL
78,61,76,92,76,GENERAL_IMPROVEMENT
96,64,52,27,48,FOCUS_FINAL
92,91,22,61,58,FOCUS_INTERNAL
66,47,58,44,50,GENERAL_IMPROVEMENT
96,95,42,86,74,GENERAL_IMPROVEMENT
96,47,31,27,35,FOCUS_INTERNAL
60,56,96,57,70,GENERAL_IMPROVEMENT
77,99,90,28,72,FOCUS_FINAL
56,92,43,46,60,GENERAL_IMPROVEMENT
57,63,57,35,52,FOCUS_FINAL
36,56,88,39,61,IMPROVE_ATTENDANCE
80,72,92,66,77,GENERAL_IMPROVEMENT
91,39,88,94,74,FOCUS_MIDTERM
53,95,43,43,60,GENERAL_IMPROVEMENT
99,57,77,73,69,GENERAL_IMPROVEMENT
49,42,56,73,57,IMPROVE_ATTENDANCE
44,41,59,52,51,IMPROVE_ATTENDANCE
52,82,25,81,63,FOCUS_INTERNAL
91,24,94,52,57,FOCUS_MIDTERM
85,73,46,30,50,FOCUS_FINAL
96,40,63,59,54,GENERAL_IMPROVEMENT
75,55,75,59,63,GENERAL_IMPROVEMENT
68,55,28,73,52,FOCUS_INTERNAL
69,24,44,79,49,FOCUS_MIDTERM
94,21,58,83,54,FOCUS_MIDTERM
61,74,66,55,65,GENERAL_IMPROVEMENT
72,47,58,81,62,GENERAL_IMPROVEMENT
40,62,78,63,68,IMPROVE_ATTENDANCE
40,79,26,33,46,IMPROVE_ATTENDANCE
98,33,88,96,72,FOCUS_MIDTERM
59,39,25,38,34,FOCUS_MIDTERM
47,100,100,62,87,IMPROVE_ATTENDANCE
63,84,38,26,49,FOCUS_INTERNAL
60,99,72,27,66,FOCUS_FINAL
67,63,49,92,68,GENERAL_IMPROVEMENT
72,92,24,96,71,FOCUS_INTERNAL
38,82,20,37,46,IMPROVE_ATTENDANCE
47,32,99,51,61,IMPROVE_ATTENDANCE
69,89,98,82,90,GENERAL_IMPROVEMENT
56,61,22,36,40,FOCUS_INTERNAL
75,58,35,50,48,FOCUS_INTERNAL
92,99,83,78,87,GOOD_PROGRESS
35,21,30,70,40,IMPROVE_ATTENDANCE
36,58,91,62,70,IMPROVE_ATTENDANCE
75,68,21,79,56,FOCUS_INTERNAL
77,47,61,43,50,GENERAL_IMPROVEMENT
100,47,62,57,55,GENERAL_IMPROVEMENT
100,99,97,34,77,FOCUS_FINAL
92,52,63,99,71,GENERAL_IMPROVEMENT
71,82,81,29,64,FOCUS_FINAL
40,71,32,88,64,IMPROVE_ATTENDANCE
58,65,85,92,81,GENERAL_IMPROVEMENT
66,33,56,35,41,FOCUS_MIDTERM
47,39,24,32,32,IMPROVE_ATTENDANCE
54,33,87,53,58,FOCUS_MIDTERM
97,27,25,48,33,FOCUS_MIDTERM
30,77,45,83,68,IMPROVE_ATTENDANCE
86,54,22,79,52,FOCUS_INTERNAL
54,46,91,64,67,GENERAL_IMPROVEMENT
95,92,40,20,51,FOCUS_FINAL
78,22,46,70,46,FOCUS_MIDTERM
78,100,51,83,78,GENERAL_IMPROVEMENT
34,83,74,57,71,IMPROVE_ATTENDANCE
60,34,94,60,63,FOCUS_MIDTERM
84,26,37,21,28,FOCUS_MIDTERM
74,76,45,53,58,GENERAL_IMPROVEMENT
32,99,22,24,48,IMPROVE_ATTENDANCE
62,63,36,32,44,FOCUS_INTERNAL
57,35,93,60,63,FOCUS_MIDTERM
45,41,95,33,56,IMPROVE_ATTENDANCE
97,76,68,26,57,FOCUS_FINAL
47,83,96,69,83,IMPROVE_ATTENDANCE
87,22,98,23,48,FOCUS_MIDTERM
34,85,67,93,82,IMPROVE_ATTENDANCE
53,30,100,20,50,FOCUS_MIDTERM
97,100,96,78,91,GOOD_PROGRESS
77,60,36,45,47,FOCUS_INTERNAL
70,66,34,76,59,FOCUS_INTERNAL
66,86,31,23,47,FOCUS_INTERNAL
76,58,36,90,61,FOCUS_INTERNAL
76,42,65,100,69,GENERAL_IMPROVEMENT
76,45,62,24,44,FOCUS_FINAL
96,43,82,72,66,GENERAL_IMPROVEMENT
49,95,59,24,59,IMPROVE_ATTENDANCE
38,82,56,59,66,IMPROVE_ATTENDANCE
70,35,20,32,29,FOCUS_MIDTERM
51,85,55,71,70,GENERAL_IMPROVEMENT
46,66,59,94,73,IMPROVE_ATTENDANCE
49,100,47,25,57,IMPROVE_ATTENDANCE
46,70,96,90,85,IMPROVE_ATTENDANCE
94,90,62,29,60,FOCUS_FINAL
60,76,73,92,80,GENERAL_IMPROVEMENT
93,74,85,32,64,FOCUS_FINAL
89,100,66,78,81,GOOD_PROGRESS
82,59,96,21,59,FOCUS_FINAL
100,46,100,31,59,FOCUS_FINAL
61,53,83,64,67,GENERAL_IMPROVEMENT
37,30,56,72,53,IMPROVE_ATTENDANCE
50,74,90,87,84,GENERAL_IMPROVEMENT
67,28,23,92,48,FOCUS_MIDTERM
31,77,78,64,73,IMPROVE_ATTENDANCE
93,71,54,30,52,FOCUS_FINAL
98,69,29,54,51,FOCUS_INTERNAL
88,38,48,43,43,FOCUS_MIDTERM
84,69,64,87,73,GENERAL_IMPROVEMENT
66,85,71,78,78,GENERAL_IMPROVEMENT
45,68,68,77,71,IMPROVE_ATTENDANCE
34,68,98,40,69,IMPROVE_ATTENDANCE
36,92,51,47,63,IMPROVE_ATTENDANCE
52,92,46,25,54,FOCUS_FINAL
46,64,85,46,65,IMPROVE_ATTENDANCE
37,77,62,75,71,IMPROVE_ATTENDANCE
46,79,58,93,77,IMPROVE_ATTENDANCE
48,33,80,64,59,IMPROVE_ATTENDANCE
62,79,36,31,49,FOCUS_INTERNAL
63,70,27,29,42,FOCUS_INTERNAL
87,83,82,46,70,GENERAL_IMPROVEMENT
44,84,86,92,87,IMPROVE_ATTENDANCE
40,97,33,49,60,IMPROVE_ATTENDANCE
98,53,94,69,72,GENERAL_IMPROVEMENT
71,26,35,20,27,FOCUS_MIDTERM
99,44,80,70,65,GENERAL_IMPROVEMENT
87,43,65,67,58,GENERAL_IMPROVEMENT
98,31,30,64,42,FOCUS_MIDTERM
82,68,44,28,47,FOCUS_FINAL
36,56,66,85,69,IMPROVE_ATTENDANCE
61,57,27,66,50,FOCUS_INTERNAL
36,24,69,36,43,IMPROVE_ATTENDANCE
67,58,68,30,52,FOCUS_FINAL
76,51,60,76,62,GENERAL_IMPROVEMENT
45,52,26,75,51,IMPROVE_ATTENDANCE
37,52,67,30,50,IMPROVE_ATTENDANCE
75,67,92,76,78,GENERAL_IMPROVEMENT
47,85,31,98,71,IMPROVE_ATTENDANCE
62,71,25,41,46,FOCUS_INTERNAL
78,96,22,92,70,FOCUS_INTERNAL
64,69,36,54,53,FOCUS_INTERNAL
80,32,64,30,42,FOCUS_MIDTERM
53,58,29,35,41,FOCUS_INTERNAL
56,75,81,35,64,FOCUS_FINAL
100,75,42,56,58,GENERAL_IMPROVEMENT
37,88,24,99,70,IMPROVE_ATTENDANCE
59,46,87,22,52,FOCUS_FINAL
83,33,58,78,56,FOCUS_MIDTERM
62,57,92,32,60,FOCUS_FINAL
42,90,53,51,65,IMPROVE_ATTENDANCE
89,60,93,88,80,GOOD_PROGRESS
87,95,87,35,72,FOCUS_FINAL
68,60,42,85,62,GENERAL_IMPROVEMENT
49,89,87,68,81,IMPROVE_ATTENDANCE
47,48,67,63,59,IMPROVE_ATTENDANCE
41,71,38,72,60,IMPROVE_ATTENDANCE
77,89,51,90,77,GENERAL_IMPROVEMENT
66,56,75,96,76,GENERAL_IMPROVEMENT
75,67,91,35,64,FOCUS_FINAL
84,82,76,40,66,GENERAL_IMPROVEMENT
63,47,78,34,53,FOCUS_FINAL
98,68,76,78,74,GENERAL_IMPROVEMENT
82,28,98,72,66,FOCUS_MIDTERM
41,85,98,46,76,IMPROVE_ATTENDANCE
38,61,46,60,56,IMPROVE_ATTENDANCE
73,61,56,23,47,FOCUS_FINAL
88,61,59,97,72,GENERAL_IMPROVEMENT
60,71,97,83,84,GENERAL_IMPROVEMENT
35,60,65,50,58,IMPROVE_ATTENDANCE
32,25,61,59,48,IMPROVE_ATTENDANCE
38,20,38,24,27,IMPROVE_ATTENDANCE
98,23,48,37,36,FOCUS_MIDTERM
39,54,45,81,60,IMPROVE_ATTENDANCE
36,71,41,48,53,IMPROVE_ATTENDANCE
70,53,53,44,50,GENERAL_IMPROVEMENT
33,86,22,88,65,IMPROVE_ATTENDANCE
86,52,26,33,37,FOCUS_INTERNAL
71,64,21,23,36,FOCUS_INTERNAL
72,61,29,68,53,FOCUS_INTERNAL
77,37,83,66,62,FOCUS_MIDTERM
84,41,59,89,63,GENERAL_IMPROVEMENT
54,20,45,35,33,FOCUS_MIDTERM
81,96,92,98,95,GOOD_PROGRESS
93,27,67,75,56,FOCUS_MIDTERM
51,87,53,24,55,FOCUS_FINAL
39,95,53,95,81,IMPROVE_ATTENDANCE
91,62,83,79,75,GENERAL_IMPROVEMENT
37,85,52,40,59,IMPROVE_ATTENDANCE
69,98,72,34,68,FOCUS_FINAL
44,85,63,74,74,IMPROVE_ATTENDANCE
33,90,87,41,73,IMPROVE_ATTENDANCE
81,77,60,63,67,GENERAL_IMPROVEMENT
95,99,39,22,53,FOCUS_INTERNAL
69,51,80,47,59,GENERAL_IMPROVEMENT
87,54,60,84,66,GENERAL_IMPROVEMENT
44,48,25,85,53,IMPROVE_ATTENDANCE
70,94,41,89,75,GENERAL_IMPROVEMENT
75,45,30,33,36,FOCUS_INTERNAL
62,95,67,63,75,GENERAL_IMPROVEMENT
59,47,96,50,64,GENERAL_IMPROVEMENT
36,52,35,95,61,IMPROVE_ATTENDANCE
63,37,31,39,36,FOCUS_MIDTERM
44,91,68,72,77,IMPROVE_ATTENDANCE
89,30,52,91,58,FOCUS_MIDTERM
35,20,64,23,36,IMPROVE_ATTENDANCE
35,24,45,75,48,IMPROVE_ATTENDANCE
50,47,56,50,51,GENERAL_IMPROVEMENT
74,56,75,54,62,GENERAL_IMPROVEMENT
45,35,34,66,45,IMPROVE_ATTENDANCE
33,62,56,78,65,IMPROVE_ATTENDANCE
33,56,98,53,69,IMPROVE_ATTENDANCE
50,51,92,50,64,GENERAL_IMPROVEMENT
83,95,62,42,66,GENERAL_IMPROVEMENT
37,49,83,47,60,IMPROVE_ATTENDANCE
59,80,97,98,92,GENERAL_IMPROVEMENT
82,60,92,58,70,GENERAL_IMPROVEMENT
42,98,27,43,56,IMPROVE_ATTENDANCE
34,45,55,82,61,IMPROVE_ATTENDANCE
41,27,48,42,39,IMPROVE_ATTENDANCE
45,45,33,50,43,IMPROVE_ATTENDANCE
35,95,28,31,51,IMPROVE_ATTENDANCE
31,92,24,59,58,IMPROVE_ATTENDANCE
82,30,91,21,47,FOCUS_MIDTERM
99,58,28,63,50,FOCUS_INTERNAL
56,26,35,79,47,FOCUS_MIDTERM
70,66,52,54,57,GENERAL_IMPROVEMENT
88,36,61,40,46,FOCUS_MIDTERM
48,69,27,92,63,IMPROVE_ATTENDANCE
70,35,83,90,69,FOCUS_MIDTERM
100,82,77,81,80,GOOD_PROGRESS
72,71,49,57,59,GENERAL_IMPROVEMENT
58,55,98,29,61,FOCUS_FINAL
71,28,24,41,31,FOCUS_MIDTERM
51,84,42,69,65,GENERAL_IMPROVEMENT
60,40,85,52,59,GENERAL_IMPROVEMENT
66,86,40,75,67,GENERAL_IMPROVEMENT
51,84,82,38,68,FOCUS_FINAL
65,49,89,29,56,FOCUS_FINAL
49,55,63,54,57,IMPROVE_ATTENDANCE
94,21,35,45,34,FOCUS_MIDTERM
51,98,69,41,69,GENERAL_IMPROVEMENT
79,42,59,37,46,FOCUS_FINAL
91,49,32,51,44,FOCUS_INTERNAL
71,36,86,21,48,FOCUS_MIDTERM
69,99,35,67,67,FOCUS_INTERNAL
42,72,52,48,57,IMPROVE_ATTENDANCE
92,69,47,74,63,GENERAL_IMPROVEMENT
54,44,58,94,65,GENERAL_IMPROVEMENT
62,32,49,32,38,FOCUS_MIDTERM
79,86,38,81,68,FOCUS_INTERNAL
77,60,34,63,52,FOCUS_INTERNAL
95,68,62,32,54,FOCUS_FINAL
40,82,52,92,75,IMPROVE_ATTENDANCE
45,40,96,86,74,IMPROVE_ATTENDANCE
77,48,51,91,63,GENERAL_IMPROVEMENT
71,33,35,78,49,FOCUS_MIDTERM
74,37,76,96,70,FOCUS_MIDTERM
81,58,32,54,48,FOCUS_INTERNAL
39,32,40,96,56,IMPROVE_ATTENDANCE
72,26,48,86,53,FOCUS_MIDTERM
32,51,55,48,51,IMPROVE_ATTENDANCE
35,70,83,26,60,IMPROVE_ATTENDANCE
40,26,54,98,59,IMPROVE_ATTENDANCE
100,82,69,94,82,GOOD_PROGRESS
69,53,71,30,51,FOCUS_FINAL
93,83,65,54,67,GENERAL_IMPROVEMENT
55,37,33,73,48,FOCUS_MIDTERM
31,88,74,52,71,IMPROVE_ATTENDANCE
49,72,56,52,60,IMPROVE_ATTENDANCE
46,64,80,48,64,IMPROVE_ATTENDANCE
56,59,49,20,43,FOCUS_FINAL
56,43,70,96,70,GENERAL_IMPROVEMENT
38,89,61,30,60,IMPROVE_ATTENDANCE
61,21,45,86,51,FOCUS_MIDTERM
87,44,60,78,61,GENERAL_IMPROVEMENT
32,70,25,83,59,IMPROVE_ATTENDANCE
31,31,60,26,39,IMPROVE_ATTENDANCE
57,27,87,63,59,FOCUS_MIDTERM
86,56,98,25,60,FOCUS_FINAL
64,46,58,76,60,GENERAL_IMPROVEMENT
85,69,39,92,67,FOCUS_INTERNAL
55,61,34,26,40,FOCUS_INTERNAL
94,97,26,26,50,FOCUS_INTERNAL
33,75,73,84,77,IMPROVE_ATTENDANCE
52,68,63,24,52,FOCUS_FINAL
90,66,66,81,71,GENERAL_IMPROVEMENT
41,98,50,56,68,IMPROVE_ATTENDANCE
49,65,46,99,70,IMPROVE_ATTENDANCE
44,64,39,76,60,IMPROVE_ATTENDANCE
96,36,49,96,60,FOCUS_MIDTERM
84,71,38,24,44,FOCUS_INTERNAL
42,89,79,86,85,IMPROVE_ATTENDANCE
99,78,99,25,67,FOCUS_FINAL
92,56,83,66,68,GENERAL_IMPROVEMENT
64,38,83,30,50,FOCUS_MIDTERM
39,47,55,47,50,IMPROVE_ATTENDANCE
46,34,26,47,36,IMPROVE_ATTENDANCE
98,47,44,91,61,GENERAL_IMPROVEMENT
65,52,96,95,81,GENERAL_IMPROVEMENT
85,65,73,94,77,GOOD_PROGRESS
44,64,31,69,55,IMPROVE_ATTENDANCE
46,46,97,97,80,IMPROVE_ATTENDANCE
94,77,40,77,65,GENERAL_IMPROVEMENT
80,75,48,58,60,GENERAL_IMPROVEMENT
96,82,24,42,49,FOCUS_INTERNAL
36,84,64,72,73,IMPROVE_ATTENDANCE
94,89,53,31,58,FOCUS_FINAL
75,44,62,44,50,GENERAL_IMPROVEMENT
35,60,75,24,53,IMPROVE_ATTENDANCE
67,90,98,63,84,GENERAL_IMPROVEMENT
53,63,57,43,54,GENERAL_IMPROVEMENT
71,57,60,94,70,GENERAL_IMPROVEMENT
76,38,57,65,53,FOCUS_MIDTERM
55,41,50,72,54,GENERAL_IMPROVEMENT
32,31,51,96,59,IMPROVE_ATTENDANCE
86,65,83,62,70,GENERAL_IMPROVEMENT
38,88,92,71,84,IMPROVE_ATTENDANCE
31,36,45,81,54,IMPROVE_ATTENDANCE
72,34,56,59,50,FOCUS_MIDTERM
59,93,26,50,56,FOCUS_INTERNAL
78,36,69,62,56,FOCUS_MIDTERM
37,51,23,50,41,IMPROVE_ATTENDANCE
64,66,73,63,67,GENERAL_IMPROVEMENT
95,47,95,71,71,GENERAL_IMPROVEMENT
74,100,79,97,92,GENERAL_IMPROVEMENT
75,79,23,67,56,FOCUS_INTERNAL
49,44,96,88,76,IMPROVE_ATTENDANCE
33,75,87,76,79,IMPROVE_ATTENDANCE
52,69,100,25,65,FOCUS_FINAL
54,50,32,80,54,FOCUS_INTERNAL
45,25,71,26,41,IMPROVE_ATTENDANCE
87,37,99,68,68,FOCUS_MIDTERM
49,83,43,99,75,IMPROVE_ATTENDANCE
71,40,30,58,43,FOCUS_INTERNAL
82,55,76,98,76,GOOD_PROGRESS
48,72,28,53,51,IMPROVE_ATTENDANCE
84,44,75,23,47,FOCUS_FINAL
64,59,99,29,62,FOCUS_FINAL
44,44,22,59,42,IMPROVE_ATTENDANCE
87,67,80,36,61,FOCUS_FINAL
49,38,66,40,48,IMPROVE_ATTENDANCE
84,76,49,89,71,GENERAL_IMPROVEMENT
76,28,99,78,68,FOCUS_MIDTERM
84,91,41,85,72,GENERAL_IMPROVEMENT
72,96,20,49,55,FOCUS_INTERNAL
32,73,25,98,65,IMPROVE_ATTENDANCE
74,98,39,53,63,FOCUS_INTERNAL
65,97,91,75,88,GENERAL_IMPROVEMENT
39,56,38,41,45,IMPROVE_ATTENDANCE
98,69,84,87,80,GOOD_PROGRESS
99,75,28,87,63,FOCUS_INTERNAL
53,100,25,44,56,FOCUS_INTERNAL
35,93,60,54,69,IMPROVE_ATTENDANCE
41,27,58,85,57,IMPROVE_ATTENDANCE
31,43,24,84,50,IMPROVE_ATTENDANCE
48,87,45,77,70,IMPROVE_ATTENDANCE
34,52,37,56,48,IMPROVE_ATTENDANCE
81,32,55,51,46,FOCUS_MIDTERM
88,95,46,69,70,GENERAL_IMPROVEMENT
54,44,57,73,58,GENERAL_IMPROVEMENT
54,50,25,99,58,FOCUS_INTERNAL
51,78,61,58,66,GENERAL_IMPROVEMENT
64,82,70,77,76,GENERAL_IMPROVEMENT
58,71,28,47,49,FOCUS_INTERNAL
30,85,89,95,90,IMPROVE_ATTENDANCE
42,79,65,100,81,IMPROVE_ATTENDANCE
62,67,87,59,71,GENERAL_IMPROVEMENT
61,87,82,94,88,GENERAL_IMPROVEMENT
71,96,24,57,59,FOCUS_INTERNAL
50,99,73,23,65,FOCUS_FINAL
59,66,30,91,62,FOCUS_INTERNAL
39,67,69,60,65,IMPROVE_ATTENDANCE
87,20,44,87,50,FOCUS_MIDTERM
38,71,57,36,55,IMPROVE_ATTENDANCE
39,58,65,79,67,IMPROVE_ATTENDANCE
44,21,71,51,48,IMPROVE_ATTENDANCE
45,95,100,68,88,IMPROVE_ATTENDANCE
45,79,73,32,61,IMPROVE_ATTENDANCE
51,93,29,24,49,FOCUS_INTERNAL
90,87,86,81,85,GOOD_PROGRESS
68,52,68,34,51,FOCUS_FINAL
73,33,95,43,57,FOCUS_MIDTERM
50,48,73,32,51,FOCUS_FINAL
58,86,41,43,57,GENERAL_IMPROVEMENT
34,56,69,89,71,IMPROVE_ATTENDANCE
75,73,81,57,70,GENERAL_IMPROVEMENT
56,60,85,44,63,GENERAL_IMPROVEMENT
56,72,63,98,78,GENERAL_IMPROVEMENT
55,61,75,59,65,GENERAL_IMPROVEMENT
77,54,30,77,54,FOCUS_INTERNAL
94,53,23,51,42,FOCUS_INTERNAL
61,67,33,60,53,FOCUS_INTERNAL
61,23,23,67,38,FOCUS_MIDTERM
82,75,53,96,75,GENERAL_IMPROVEMENT
91,51,63,55,56,GENERAL_IMPROVEMENT
91,80,64,93,79,GOOD_PROGRESS
36,57,21,60,46,IMPROVE_ATTENDANCE
45,21,67,60,49,IMPROVE_ATTENDANCE
98,33,55,60,49,FOCUS_MIDTERM
81,92,88,37,72,FOCUS_FINAL
81,28,20,31,26,FOCUS_MIDTERM
77,74,95,37,69,FOCUS_FINAL
69,48,51,42,47,GENERAL_IMPROVEMENT
52,89,89,92,90,GENERAL_IMPROVEMENT
54,31,89,55,58,FOCUS_MIDTERM
67,47,89,67,68,GENERAL_IMPROVEMENT
53,98,92,82,91,GENERAL_IMPROVEMENT
33,71,44,84,66,IMPROVE_ATTENDANCE
69,44,32,29,35,FOCUS_INTERNAL
97,54,92,96,81,GOOD_PROGRESS
87,45,36,39,40,FOCUS_INTERNAL
56,86,46,23,52,FOCUS_FINAL
69,63,81,61,68,GENERAL_IMPROVEMENT
83,79,27,36,47,FOCUS_INTERNAL
95,72,23,80,58,FOCUS_INTERNAL
57,88,32,78,66,FOCUS_INTERNAL
35,86,79,78,81,IMPROVE_ATTENDANCE
31,46,75,82,68,IMPROVE_ATTENDANCE
75,99,85,20,68,FOCUS_FINAL
75,69,59,21,50,FOCUS_FINAL
44,99,91,68,86,IMPROVE_ATTENDANCE
78,88,80,46,71,GENERAL_IMPROVEMENT
37,82,52,89,74,IMPROVE_ATTENDANCE
51,96,92,40,76,GENERAL_IMPROVEMENT
70,46,34,91,57,FOCUS_INTERNAL
88,96,52,79,76,GOOD_PROGRESS
60,74,46,47,56,GENERAL_IMPROVEMENT
69,32,93,26,50,FOCUS_MIDTERM
53,67,44,66,59,GENERAL_IMPROVEMENT
66,56,29,45,43,FOCUS_INTERNAL
77,34,48,66,49,FOCUS_MIDTERM
93,81,43,62,62,GENERAL_IMPROVEMENT
80,100,34,94,76,FOCUS_INTERNAL
53,59,22,22,34,FOCUS_INTERNAL
61,23,44,53,40,FOCUS_MIDTERM
97,73,92,28,64,FOCUS_FINAL
69,91,72,54,72,GENERAL_IMPROVEMENT
97,54,66,52,57,GENERAL_IMPROVEMENT
73,46,80,68,65,GENERAL_IMPROVEMENT
75,43,79,31,51,FOCUS_FINAL
36,61,52,74,62,IMPROVE_ATTENDANCE
48,74,53,100,76,IMPROVE_ATTENDANCE
93,52,27,51,43,FOCUS_INTERNAL
95,46,90,47,61,GENERAL_IMPROVEMENT
81,28,31,28,29,FOCUS_MIDTERM
44,92,95,89,92,IMPROVE_ATTENDANCE
78,51,68,44,54,GENERAL_IMPROVEMENT
68,61,95,65,74,GENERAL_IMPROVEMENT
64,54,87,41,61,GENERAL_IMPROVEMENT
55,79,64,50,64,GENERAL_IMPROVEMENT
79,66,63,72,67,GENERAL_IMPROVEMENT
57,45,94,33,57,FOCUS_FINAL
31,73,69,71,71,IMPROVE_ATTENDANCE
74,92,25,91,69,FOCUS_INTERNAL
83,79,53,84,72,GENERAL_IMPROVEMENT
84,72,35,99,69,FOCUS_INTERNAL
62,86,41,92,73,GENERAL_IMPROVEMENT
57,45,98,56,66,GENERAL_IMPROVEMENT
40,76,22,35,44,IMPROVE_ATTENDANCE
51,38,100,62,67,FOCUS_MIDTERM
80,69,64,92,75,GENERAL_IMPROVEMENT
92,23,55,60,46,FOCUS_MIDTERM
99,95,81,77,84,GOOD_PROGRESS
59,68,45,52,55,GENERAL_IMPROVEMENT
85,49,47,31,42,FOCUS_FINAL
66,57,61,67,62,GENERAL_IMPROVEMENT
78,71,63,62,65,GENERAL_IMPROVEMENT
92,94,85,52,77,GOOD_PROGRESS
85,53,100,48,67,GENERAL_IMPROVEMENT
93,89,71,87,82,GOOD_PROGRESS
68,61,27,30,39,FOCUS_INTERNAL
75,46,40,72,53,GENERAL_IMPROVEMENT
97,69,75,35,60,FOCUS_FINAL
70,56,69,26,50,FOCUS_FINAL
94,30,20,83,44,FOCUS_MIDTERM
45,35,35,59,43,IMPROVE_ATTENDANCE
88,33,93,46,57,FOCUS_MIDTERM
100,30,41,98,56,FOCUS_MIDTERM
46,52,27,66,48,IMPROVE_ATTENDANCE
82,75,97,86,86,GOOD_PROGRESS
73,94,33,90,72,FOCUS_INTERNAL
86,99,29,93,74,FOCUS_INTERNAL
31,48,43,89,60,IMPROVE_ATTENDANCE
66,92,59,25,59,FOCUS_FINAL
76,64,25,90,60,FOCUS_INTERNAL
88,29,69,27,42,FOCUS_MIDTERM
31,35,67,39,47,IMPROVE_ATTENDANCE
37,47,48,29,41,IMPROVE_ATTENDANCE
69,38,55,50,48,FOCUS_MIDTERM
99,93,96,75,88,GOOD_PROGRESS
70,85,76,84,82,GENERAL_IMPROVEMENT
46,63,82,40,62,IMPROVE_ATTENDANCE
86,100,89,83,91,GOOD_PROGRESS
51,73,54,63,63,GENERAL_IMPROVEMENT
79,40,20,27,29,FOCUS_INTERNAL
34,47,30,71,49,IMPROVE_ATTENDANCE
33,97,52,80,76,IMPROVE_ATTENDANCE
99,65,28,45,46,FOCUS_INTERNAL
67,58,87,72,72,GENERAL_IMPROVEMENT
98,72,40,41,51,GENERAL_IMPROVEMENT
44,84,50,64,66,IMPROVE_ATTENDANCE
36,81,85,25,64,IMPROVE_ATTENDANCE
31,64,23,43,43,IMPROVE_ATTENDANCE
82,97,94,69,87,GOOD_PROGRESS
30,68,80,62,70,IMPROVE_ATTENDANCE
52,53,54,32,46,FOCUS_FINAL
73,89,34,77,67,FOCUS_INTERNAL
64,69,63,80,71,GENERAL_IMPROVEMENT
57,98,73,94,88,GENERAL_IMPROVEMENT
73,51,43,69,54,GENERAL_IMPROVEMENT
59,63,53,64,60,GENERAL_IMPROVEMENT
68,81,73,93,82,GENERAL_IMPROVEMENT
38,84,59,90,78,IMPROVE_ATTENDANCE
44,55,23,26,35,IMPROVE_ATTENDANCE
87,65,67,48,60,GENERAL_IMPROVEMENT
79,44,72,73,63,GENERAL_IMPROVEMENT
45,61,65,92,73,IMPROVE_ATTENDANCE
98,54,44,80,59,GENERAL_IMPROVEMENT
85,60,37,38,45,FOCUS_INTERNAL
69,26,85,94,68,FOCUS_MIDTERM
38,83,35,86,68,IMPROVE_ATTENDANCE
86,85,59,86,77,GOOD_PROGRESS
71,55,85,38,59,FOCUS_FINAL
67,48,63,87,66,GENERAL_IMPROVEMENT
69,51,23,55,43,FOCUS_INTERNAL
57,42,64,54,53,GENERAL_IMPROVEMENT
48,74,99,45,73,IMPROVE_ATTENDANCE
65,90,59,45,65,GENERAL_IMPROVEMENT
66,78,97,25,67,FOCUS_FINAL
71,32,52,31,38,FOCUS_MIDTERM
88,29,96,47,57,FOCUS_MIDTERM
81,78,86,79,81,GOOD_PROGRESS
100,51,52,76,60,GENERAL_IMPROVEMENT
62,75,93,37,68,FOCUS_FINAL
48,43,57,43,48,IMPROVE_ATTENDANCE
38,97,64,95,85,IMPROVE_ATTENDANCE
93,60,98,32,63,FOCUS_FINAL
59,32,50,46,43,FOCUS_MIDTERM
90,62,35,24,40,FOCUS_INTERNAL
65,71,53,24,49,FOCUS_FINAL
50,26,40,85,50,FOCUS_MIDTERM
48,79,89,85,84,IMPROVE_ATTENDANCE
46,74,41,56,57,IMPROVE_ATTENDANCE
95,50,73,92,72,GENERAL_IMPROVEMENT
85,70,48,91,70,GENERAL_IMPROVEMENT
51,94,75,67,79,GENERAL_IMPROVEMENT
46,30,85,65,60,IMPROVE_ATTENDANCE
62,89,98,48,78,GENERAL_IMPROVEMENT
98,37,29,43,36,FOCUS_MIDTERM
32,97,80,25,67,IMPROVE_ATTENDANCE
45,23,37,27,29,IMPROVE_ATTENDANCE
93,53,24,36,38,FOCUS_INTERNAL
38,66,60,68,65,IMPROVE_ATTENDANCE
71,88,90,85,88,GENERAL_IMPROVEMENT
38,92,36,94,74,IMPROVE_ATTENDANCE
74,62,56,57,58,GENERAL_IMPROVEMENT
44,77,21,57,52,IMPROVE_ATTENDANCE
67,68,20,57,48,FOCUS_INTERNAL
51,78,58,69,68,GENERAL_IMPROVEMENT
60,56,93,30,60,FOCUS_FINAL
88,65,80,60,68,GENERAL_IMPROVEMENT
45,24,88,98,70,IMPROVE_ATTENDANCE
55,25,92,58,58,FOCUS_MIDTERM
38,50,92,43,62,IMPROVE_ATTENDANCE
34,30,57,95,61,IMPROVE_ATTENDANCE
99,38,29,23,30,FOCUS_MIDTERM
47,80,26,48,51,IMPROVE_ATTENDANCE
63,31,94,64,63,FOCUS_MIDTERM
62,87,27,22,45,FOCUS_INTERNAL
99,56,73,21,50,FOCUS_FINAL
93,76,66,54,65,GENERAL_IMPROVEMENT
38,75,21,23,40,IMPROVE_ATTENDANCE
65,31,54,46,44,FOCUS_MIDTERM
85,29,44,66,46,FOCUS_MIDTERM
73,86,28,53,56,FOCUS_INTERNAL
100,57,71,57,62,GENERAL_IMPROVEMENT
85,47,58,32,46,FOCUS_FINAL
60,68,54,88,70,GENERAL_IMPROVEMENT
91,95,84,60,80,GOOD_PROGRESS
74,65,93,94,84,GENERAL_IMPROVEMENT
34,37,75,45,52,IMPROVE_ATTENDANCE
67,70,56,24,50,FOCUS_FINAL
100,70,28,42,47,FOCUS_INTERNAL
62,96,89,48,78,GENERAL_IMPROVEMENT
100,76,47,34,52,FOCUS_FINAL
46,79,48,57,61,IMPROVE_ATTENDANCE
47,79,44,27,50,IMPROVE_ATTENDANCE
35,66,40,49,52,IMPROVE_ATTENDANCE
62,22,43,79,48,FOCUS_MIDTERM
46,43,32,21,32,IMPROVE_ATTENDANCE
87,86,42,22,50,FOCUS_FINAL
90,62,79,23,55,FOCUS_FINAL
76,21,57,83,54,FOCUS_MIDTERM
93,26,38,86,50,FOCUS_MIDTERM
46,34,34,54,41,IMPROVE_ATTENDANCE
31,56,51,97,68,IMPROVE_ATTENDANCE
46,47,51,44,47,IMPROVE_ATTENDANCE
80,23,51,40,38,FOCUS_MIDTERM
78,42,74,71,62,GENERAL_IMPROVEMENT
68,69,76,55,67,GENERAL_IMPROVEMENT
42,38,70,39,49,IMPROVE_ATTENDANCE
33,55,76,37,56,IMPROVE_ATTENDANCE
61,25,22,90,46,FOCUS_MIDTERM
36,86,56,82,75,IMPROVE_ATTENDANCE
31,91,76,34,67,IMPROVE_ATTENDANCE
48,64,70,26,53,IMPROVE_ATTENDANCE
55,49,81,56,62,GENERAL_IMPROVEMENT
33,48,30,68,49,IMPROVE_ATTENDANCE
83,26,72,98,65,FOCUS_MIDTERM
79,40,64,78,61,GENERAL_IMPROVEMENT
80,96,97,30,74,FOCUS_FINAL
72,93,54,41,63,GENERAL_IMPROVEMENT
47,36,77,81,65,IMPROVE_ATTENDANCE
55,62,94,78,78,GENERAL_IMPROVEMENT
78,44,78,97,73,GENERAL_IMPROVEMENT
49,43,75,36,51,IMPROVE_ATTENDANCE
55,99,37,47,61,FOCUS_INTERNAL
51,39,90,96,75,FOCUS_MIDTERM
44,94,95,56,82,IMPROVE_ATTENDANCE
55,97,56,30,61,FOCUS_FINAL
67,58,32,61,50,FOCUS_INTERNAL
39,62,89,42,64,IMPROVE_ATTENDANCE
95,59,97,81,79,GOOD_PROGRESS
37,36,37,87,53,IMPROVE_ATTENDANCE
50,47,36,65,49,FOCUS_INTERNAL
43,93,59,55,69,IMPROVE_ATTENDANCE
74,49,45,41,45,GENERAL_IMPROVEMENT
30,31,86,59,59,IMPROVE_ATTENDANCE
68,45,76,45,55,GENERAL_IMPROVEMENT
69,71,25,93,63,FOCUS_INTERNAL
93,40,73,87,67,GENERAL_IMPROVEMENT
100,77,93,50,73,GENERAL_IMPROVEMENT
34,39,97,73,70,IMPROVE_ATTENDANCE
64,92,74,93,86,GENERAL_IMPROVEMENT
79,41,53,63,52,GENERAL_IMPROVEMENT
51,67,93,42,67,GENERAL_IMPROVEMENT
38,60,70,32,54,IMPROVE_ATTENDANCE
83,68,78,91,79,GOOD_PROGRESS
63,23,76,59,53,FOCUS_MIDTERM
97,30,79,61,57,FOCUS_MIDTERM
85,71,46,62,60,GENERAL_IMPROVEMENT
73,39,20,71,43,FOCUS_MIDTERM
33,85,56,55,65,IMPROVE_ATTENDANCE
78,58,40,77,58,GENERAL_IMPROVEMENT
40,84,74,29,62,IMPROVE_ATTENDANCE
42,58,51,62,57,IMPROVE_ATTENDANCE
51,96,52,76,75,GENERAL_IMPROVEMENT
92,93,89,26,69,FOCUS_FINAL
32,94,30,73,66,IMPROVE_ATTENDANCE
70,51,94,22,56,FOCUS_FINAL
45,27,55,70,51,IMPROVE_ATTENDANCE
48,54,87,32,58,IMPROVE_ATTENDANCE
58,63,86,36,62,FOCUS_FINAL
98,59,69,24,51,FOCUS_FINAL
52,43,92,66,67,GENERAL_IMPROVEMENT
84,63,95,81,80,GOOD_PROGRESS
98,76,86,51,71,GENERAL_IMPROVEMENT
66,32,55,54,47,FOCUS_MIDTERM
30,59,30,90,60,IMPROVE_ATTENDANCE
35,59,79,87,75,IMPROVE_ATTENDANCE
70,37,95,27,53,FOCUS_MIDTERM
99,24,77,55,52,FOCUS_MIDTERM
81,82,83,90,85,GOOD_PROGRESS
31,59,55,29,48,IMPROVE_ATTENDANCE
70,42,83,55,60,GENERAL_IMPROVEMENT
76,58,33,26,39,FOCUS_INTERNAL
81,60,81,57,66,GENERAL_IMPROVEMENT
90,37,67,61,55,FOCUS_MIDTERM
49,20,59,23,34,IMPROVE_ATTENDANCE
66,78,21,66,55,FOCUS_INTERNAL
88,80,94,31,68,FOCUS_FINAL
98,78,55,57,63,GENERAL_IMPROVEMENT
39,82,86,46,71,IMPROVE_ATTENDANCE
55,92,54,63,70,GENERAL_IMPROVEMENT
65,20,84,58,54,FOCUS_MIDTERM
37,71,94,30,65,IMPROVE_ATTENDANCE
79,82,32,47,54,FOCUS_INTERNAL
37,24,96,43,54,IMPROVE_ATTENDANCE
66,37,46,64,49,FOCUS_MIDTERM
64,29,75,48,51,FOCUS_MIDTERM
72,26,41,21,29,FOCUS_MIDTERM
59,80,95,89,88,GENERAL_IMPROVEMENT
54,97,74,29,67,FOCUS_FINAL
52,60,37,85,61,FOCUS_INTERNAL
82,36,51,77,55,FOCUS_MIDTERM
55,62,81,27,57,FOCUS_FINAL
90,40,47,65,51,GENERAL_IMPROVEMENT
79,33,36,20,30,FOCUS_MIDTERM
40,86,42,38,55,IMPROVE_ATTENDANCE
60,65,91,27,61,FOCUS_FINAL
60,83,68,97,83,GENERAL_IMPROVEMENT
91,86,50,94,77,GOOD_PROGRESS
38,58,72,76,69,IMPROVE_ATTENDANCE
92,25,51,82,53,FOCUS_MIDTERM
61,39,86,21,49,FOCUS_MIDTERM
32,56,26,62,48,IMPROVE_ATTENDANCE
74,33,70,62,55,FOCUS_MIDTERM
45,85,44,75,68,IMPROVE_ATTENDANCE
52,33,60,94,62,FOCUS_MIDTERM
34,54,24,67,48,IMPROVE_ATTENDANCE
43,31,94,32,52,IMPROVE_ATTENDANCE
67,31,58,97,62,FOCUS_MIDTERM
69,85,55,91,77,GENERAL_IMPROVEMENT
53,80,91,92,88,GENERAL_IMPROVEMENT
95,29,77,40,49,FOCUS_MIDTERM
79,38,37,83,53,FOCUS_MIDTERM
62,77,40,66,61,GENERAL_IMPROVEMENT
62,62,75,51,63,GENERAL_IMPROVEMENT
66,71,29,74,58,FOCUS_INTERNAL
74,30,64,62,52,FOCUS_MIDTERM
51,31,62,39,44,FOCUS_MIDTERM
40,91,68,89,83,IMPROVE_ATTENDANCE
98,27,74,23,41,FOCUS_MIDTERM
79,69,55,28,51,FOCUS_FINAL
59,93,75,83,84,GENERAL_IMPROVEMENT
78,25,73,94,64,FOCUS_MIDTERM
98,25,91,31,49,FOCUS_MIDTERM
67,44,44,22,37,FOCUS_FINAL
98,58,64,43,55,GENERAL_IMPROVEMENT
39,75,50,25,50,IMPROVE_ATTENDANCE
38,53,97,94,81,IMPROVE_ATTENDANCE
71,91,99,54,81,GENERAL_IMPROVEMENT
47,64,80,42,62,IMPROVE_ATTENDANCE
76,97,77,50,75,GENERAL_IMPROVEMENT
53,35,93,62,63,FOCUS_MIDTERM
53,100,89,45,78,GENERAL_IMPROVEMENT
53,42,26,21,30,FOCUS_INTERNAL
33,85,42,28,52,IMPROVE_ATTENDANCE
44,65,69,89,74,IMPROVE_ATTENDANCE
72,20,93,89,67,FOCUS_MIDTERM
85,74,60,26,53,FOCUS_FINAL
48,50,66,56,57,IMPROVE_ATTENDANCE
58,74,23,40,46,FOCUS_INTERNAL
75,66,42,63,57,GENERAL_IMPROVEMENT
93,35,87,79,67,FOCUS_MIDTERM
60,40,69,55,55,GENERAL_IMPROVEMENT
43,77,79,30,62,IMPROVE_ATTENDANCE
85,96,36,56,63,FOCUS_INTERNAL
39,44,44,35,41,IMPROVE_ATTENDANCE
42,71,87,59,72,IMPROVE_ATTENDANCE
46,41,95,82,73,IMPROVE_ATTENDANCE
31,84,95,64,81,IMPROVE_ATTENDANCE
90,55,38,28,40,FOCUS_INTERNAL
71,70,36,58,55,FOCUS_INTERNAL
90,61,81,55,66,GENERAL_IMPROVEMENT
30,97,82,87,89,IMPROVE_ATTENDANCE
65,65,32,85,61,FOCUS_INTERNAL
75,51,33,76,53,FOCUS_INTERNAL
97,72,84,28,61,FOCUS_FINAL
98,69,97,60,75,GENERAL_IMPROVEMENT
32,60,39,85,61,IMPROVE_ATTENDANCE
37,41,61,50,51,IMPROVE_ATTENDANCE
96,79,85,73,79,GOOD_PROGRESS
36,23,40,30,31,IMPROVE_ATTENDANCE
64,64,24,70,53,FOCUS_INTERNAL
62,96,27,28,50,FOCUS_INTERNAL
57,66,93,36,65,FOCUS_FINAL
38,74,52,84,70,IMPROVE_ATTENDANCE
100,58,69,99,75,GENERAL_IMPROVEMENT
92,37,92,91,73,FOCUS_MIDTERM
81,63,55,97,72,GENERAL_IMPROVEMENT
85,57,63,42,54,GENERAL_IMPROVEMENT
81,22,46,54,41,FOCUS_MIDTERM
84,41,90,87,73,GENERAL_IMPROVEMENT
95,92,89,36,72,FOCUS_FINAL
80,76,31,29,45,FOCUS_INTERNAL
54,84,78,96,86,GENERAL_IMPROVEMENT
97,45,98,89,77,GOOD_PROGRESS
46,45,44,83,57,IMPROVE_ATTENDANCE
72,61,62,49,57,GENERAL_IMPROVEMENT
59,74,93,61,76,GENERAL_IMPROVEMENT
59,81,96,31,69,FOCUS_FINAL
63,81,55,45,60,GENERAL_IMPROVEMENT
41,24,80,28,44,IMPROVE_ATTENDANCE
52,66,45,72,61,GENERAL_IMPROVEMENT
80,64,90,92,82,GENERAL_IMPROVEMENT
53,100,76,51,76,GENERAL_IMPROVEMENT
93,20,100,39,53,FOCUS_MIDTERM
58,37,87,67,64,FOCUS_MIDTERM
47,45,99,67,70,IMPROVE_ATTENDANCE
91,79,72,68,73,GENERAL_IMPROVEMENT
87,28,41,70,46,FOCUS_MIDTERM
49,92,44,23,53,IMPROVE_ATTENDANCE
68,22,32,93,49,FOCUS_MIDTERM
51,76,48,69,64,GENERAL_IMPROVEMENT
66,73,35,23,44,FOCUS_INTERNAL
46,44,88,97,76,IMPROVE_ATTENDANCE
76,60,87,24,57,FOCUS_FINAL
70,94,60,64,73,GENERAL_IMPROVEMENT
90,24,96,74,65,FOCUS_MIDTERM
38,38,78,90,69,IMPROVE_ATTENDANCE
77,29,21,75,42,FOCUS_MIDTERM
46,52,97,61,70,IMPROVE_ATTENDANCE
63,63,55,36,51,FOCUS_FINAL
57,91,56,87,78,GENERAL_IMPROVEMENT
39,33,83,78,65,IMPROVE_ATTENDANCE
33,67,59,69,65,IMPROVE_ATTENDANCE
63,82,58,58,66,GENERAL_IMPROVEMENT
91,49,58,51,53,GENERAL_IMPROVEMENT
56,52,44,71,56,GENERAL_IMPROVEMENT
100,42,43,39,41,FOCUS_FINAL
65,56,21,25,34,FOCUS_INTERNAL
37,71,69,71,70,IMPROVE_ATTENDANCE
79,39,25,55,40,FOCUS_MIDTERM
33,96,66,64,75,IMPROVE_ATTENDANCE
30,96,78,92,89,IMPROVE_ATTENDANCE
82,48,87,81,72,GENERAL_IMPROVEMENT
78,97,97,58,84,GENERAL_IMPROVEMENT
63,75,82,55,71,GENERAL_IMPROVEMENT
92,24,25,25,25,FOCUS_MIDTERM
47,92,49,33,58,IMPROVE_ATTENDANCE
62,77,99,67,81,GENERAL_IMPROVEMENT
73,73,90,43,69,GENERAL_IMPROVEMENT
79,24,70,72,55,FOCUS_MIDTERM
56,88,51,33,57,FOCUS_FINAL
99,50,35,44,43,FOCUS_INTERNAL
86,93,86,37,72,FOCUS_FINAL
33,27,71,35,44,IMPROVE_ATTENDANCE
74,97,72,49,73,GENERAL_IMPROVEMENT
49,23,71,54,49,IMPROVE_ATTENDANCE
78,74,47,73,65,GENERAL_IMPROVEMENT
93,66,70,84,73,GENERAL_IMPROVEMENT
49,94,55,49,66,IMPROVE_ATTENDANCE
52,41,84,92,72,GENERAL_IMPROVEMENT
33,22,78,27,42,IMPROVE_ATTENDANCE
98,82,97,69,83,GOOD_PROGRESS
39,53,98,30,60,IMPROVE_ATTENDANCE
30,26,97,29,51,IMPROVE_ATTENDANCE
52,51,32,48,44,FOCUS_INTERNAL
69,94,100,60,85,GENERAL_IMPROVEMENT
66,70,55,84,70,GENERAL_IMPROVEMENT
59,46,45,48,46,GENERAL_IMPROVEMENT
98,27,43,24,31,FOCUS_MIDTERM
79,20,98,26,48,FOCUS_MIDTERM
87,94,54,39,62,FOCUS_FINAL
59,72,27,42,47,FOCUS_INTERNAL
44,25,87,86,66,IMPROVE_ATTENDANCE
53,41,97,30,56,FOCUS_FINAL
90,67,22,21,37,FOCUS_INTERNAL
49,58,75,60,64,IMPROVE_ATTENDANCE
34,88,47,34,56,IMPROVE_ATTENDANCE
85,75,50,99,75,GENERAL_IMPROVEMENT
73,41,99,68,69,GENERAL_IMPROVEMENT
37,99,24,39,54,IMPROVE_ATTENDANCE
81,21,82,77,60,FOCUS_MIDTERM
54,75,46,23,48,FOCUS_FINAL
34,26,35,84,48,IMPROVE_ATTENDANCE
67,92,20,66,59,FOCUS_INTERNAL
56,72,58,94,75,GENERAL_IMPROVEMENT
53,98,44,28,57,FOCUS_FINAL
42,46,77,53,59,IMPROVE_ATTENDANCE
65,100,44,58,67,GENERAL_IMPROVEMENT
45,87,58,27,57,IMPROVE_ATTENDANCE
51,96,62,28,62,FOCUS_FINAL
94,37,56,75,56,FOCUS_MIDTERM
98,84,98,84,89,GOOD_PROGRESS
83,99,53,69,74,GENERAL_IMPROVEMENT
86,60,81,24,55,FOCUS_FINAL
64,46,93,87,75,GENERAL_IMPROVEMENT
69,93,38,38,56,FOCUS_INTERNAL
34,32,39,52,41,IMPROVE_ATTENDANCE
82,65,20,44,43,FOCUS_INTERNAL
44,49,26,30,35,IMPROVE_ATTENDANCE
49,60,79,35,58,IMPROVE_ATTENDANCE
63,68,50,71,63,GENERAL_IMPROVEMENT
33,22,43,61,42,IMPROVE_ATTENDANCE
83,92,24,72,63,FOCUS_INTERNAL
85,45,25,86,52,FOCUS_INTERNAL
52,66,29,90,62,FOCUS_INTERNAL
48,57,93,56,69,IMPROVE_ATTENDANCE
94,22,70,66,53,FOCUS_MIDTERM
97,38,52,68,53,FOCUS_MIDTERM
68,68,61,41,57,GENERAL_IMPROVEMENT
100,66,35,22,41,FOCUS_INTERNAL
44,49,49,56,51,IMPROVE_ATTENDANCE
70,24,21,47,31,FOCUS_MIDTERM
39,85,63,65,71,IMPROVE_ATTENDANCE
77,39,71,37,49,FOCUS_MIDTERM
42,24,44,64,44,IMPROVE_ATTENDANCE
61,29,70,37,45,FOCUS_MIDTERM
51,26,70,63,53,FOCUS_MIDTERM
49,33,72,43,49,IMPROVE_ATTENDANCE
96,74,42,42,53,GENERAL_IMPROVEMENT
95,58,99,51,69,GENERAL_IMPROVEMENT
54,81,84,30,65,FOCUS_FINAL
50,65,55,54,58,GENERAL_IMPROVEMENT
91,86,40,99,75,GENERAL_IMPROVEMENT
91,85,82,98,88,GOOD_PROGRESS
62,66,34,80,60,FOCUS_INTERNAL
59,80,38,25,48,FOCUS_INTERNAL
49,24,45,67,45,IMPROVE_ATTENDANCE
56,47,69,78,65,GENERAL_IMPROVEMENT
96,27,90,87,68,FOCUS_MIDTERM
57,77,27,35,46,FOCUS_INTERNAL
68,64,80,81,75,GENERAL_IMPROVEMENT
32,63,99,64,75,IMPROVE_ATTENDANCE
93,20,36,59,38,FOCUS_MIDTERM
72,22,83,34,46,FOCUS_MIDTERM
67,98,41,23,54,FOCUS_FINAL
60,67,20,72,53,FOCUS_INTERNAL
35,94,81,49,75,IMPROVE_ATTENDANCE
93,41,48,42,44,GENERAL_IMPROVEMENT
70,62,58,44,55,GENERAL_IMPROVEMENT
42,75,92,92,86,IMPROVE_ATTENDANCE
91,62,73,79,71,GENERAL_IMPROVEMENT
30,74,58,39,57,IMPROVE_ATTENDANCE
79,59,100,75,78,GENERAL_IMPROVEMENT
92,43,69,33,48,FOCUS_FINAL
66,36,87,76,66,FOCUS_MIDTERM
61,84,88,23,65,FOCUS_FINAL
69,49,64,35,49,FOCUS_FINAL
80,65,30,79,58,FOCUS_INTERNAL
79,56,84,81,74,GENERAL_IMPROVEMENT
63,74,31,99,68,FOCUS_INTERNAL
98,92,23,87,67,FOCUS_INTERNAL
51,30,39,23,31,FOCUS_MIDTERM
73,98,64,85,82,GENERAL_IMPROVEMENT
80,52,71,74,66,GENERAL_IMPROVEMENT
80,56,55,51,54,GENERAL_IMPROVEMENT
56,41,28,51,40,FOCUS_INTERNAL
69,20,41,27,29,FOCUS_MIDTERM
99,68,43,60,57,GENERAL_IMPROVEMENT
91,24,50,74,49,FOCUS_MIDTERM
43,87,69,32,63,IMPROVE_ATTENDANCE
79,66,84,96,82,GENERAL_IMPROVEMENT
86,68,35,77,60,FOCUS_INTERNAL
33,49,43,55,49,IMPROVE_ATTENDANCE
95,66,20,43,43,FOCUS_INTERNAL
46,41,56,28,42,IMPROVE_ATTENDANCE
81,57,68,74,66,GENERAL_IMPROVEMENT
68,66,68,52,62,GENERAL_IMPROVEMENT
65,41,65,69,58,GENERAL_IMPROVEMENT
42,32,57,87,59,IMPROVE_ATTENDANCE
77,35,89,94,73,FOCUS_MIDTERM
46,71,22,85,59,IMPROVE_ATTENDANCE
98,44,29,91,55,FOCUS_INTERNAL
73,24,70,67,54,FOCUS_MIDTERM
43,20,89,72,60,IMPROVE_ATTENDANCE
52,52,62,78,64,GENERAL_IMPROVEMENT
53,79,33,23,45,FOCUS_INTERNAL
74,66,40,99,68,GENERAL_IMPROVEMENT
76,28,87,65,60,FOCUS_MIDTERM
48,36,45,27,36,IMPROVE_ATTENDANCE
75,57,32,26,38,FOCUS_INTERNAL
45,32,76,20,43,IMPROVE_ATTENDANCE
71,78,34,98,70,FOCUS_INTERNAL
60,74,29,29,44,FOCUS_INTERNAL
44,74,74,87,78,IMPROVE_ATTENDANCE
85,31,91,53,58,FOCUS_MIDTERM
66,28,42,67,46,FOCUS_MIDTERM
37,73,28,28,43,IMPROVE_ATTENDANCE
89,49,53,39,47,FOCUS_FINAL
40,92,76,94,87,IMPROVE_ATTENDANCE
41,34,81,63,59,IMPROVE_ATTENDANCE
81,65,91,28,61,FOCUS_FINAL
90,26,40,91,52,FOCUS_MIDTERM
83,65,46,78,63,GENERAL_IMPROVEMENT
71,75,93,32,67,FOCUS_FINAL
60,89,24,89,67,FOCUS_INTERNAL
92,55,44,90,63,GENERAL_IMPROVEMENT
36,92,83,99,91,IMPROVE_ATTENDANCE
41,45,50,26,40,IMPROVE_ATTENDANCE
57,23,31,63,39,FOCUS_MIDTERM
45,85,98,64,82,IMPROVE_ATTENDANCE
86,34,82,80,65,FOCUS_MIDTERM
77,76,82,99,86,GENERAL_IMPROVEMENT
67,66,51,99,72,GENERAL_IMPROVEMENT
42,73,44,56,58,IMPROVE_ATTENDANCE
79,92,39,100,77,FOCUS_INTERNAL
49,52,41,97,63,IMPROVE_ATTENDANCE
44,29,39,63,44,IMPROVE_ATTENDANCE
67,94,46,71,70,GENERAL_IMPROVEMENT
63,88,32,47,56,FOCUS_INTERNAL
93,58,38,73,56,FOCUS_INTERNAL
41,82,94,61,79,IMPROVE_ATTENDANCE
51,76,71,75,74,GENERAL_IMPROVEMENT
69,99,63,73,78,GENERAL_IMPROVEMENT
34,59,61,94,71,IMPROVE_ATTENDANCE
96,44,35,41,40,FOCUS_INTERNAL
39,66,68,21,52,IMPROVE_ATTENDANCE
42,44,25,44,38,IMPROVE_ATTENDANCE
93,42,75,62,60,GENERAL_IMPROVEMENT
58,71,46,61,59,GENERAL_IMPROVEMENT
33,45,37,93,58,IMPROVE_ATTENDANCE
55,29,39,88,52,FOCUS_MIDTERM
70,24,36,65,42,FOCUS_MIDTERM
76,48,46,31,42,FOCUS_FINAL
71,66,66,100,77,GENERAL_IMPROVEMENT
85,72,40,40,51,GENERAL_IMPROVEMENT
57,60,40,95,65,GENERAL_IMPROVEMENT
90,44,59,23,42,FOCUS_FINAL
31,89,90,48,76,IMPROVE_ATTENDANCE
34,94,72,73,80,IMPROVE_ATTENDANCE
77,79,86,28,64,FOCUS_FINAL
58,70,68,40,59,GENERAL_IMPROVEMENT
80,27,37,79,48,FOCUS_MIDTERM
46,77,67,91,78,IMPROVE_ATTENDANCE
82,95,65,22,61,FOCUS_FINAL
74,93,26,99,73,FOCUS_INTERNAL
73,55,58,82,65,GENERAL_IMPROVEMENT
63,21,26,23,23,FOCUS_MIDTERM
66,79,28,94,67,FOCUS_INTERNAL
69,45,93,79,72,GENERAL_IMPROVEMENT
98,82,64,64,70,GENERAL_IMPROVEMENT
56,71,65,43,60,GENERAL_IMPROVEMENT
63,80,39,33,51,FOCUS_INTERNAL
94,29,89,28,49,FOCUS_MIDTERM
54,46,56,21,41,FOCUS_FINAL
72,36,88,46,57,FOCUS_MIDTERM
89,37,51,41,43,FOCUS_MIDTERM
94,83,81,50,71,GENERAL_IMPROVEMENT
60,49,21,86,52,FOCUS_INTERNAL
50,89,72,86,82,GENERAL_IMPROVEMENT
65,65,56,90,70,GENERAL_IMPROVEMENT
39,81,31,29,47,IMPROVE_ATTENDANCE
67,47,93,59,66,GENERAL_IMPROVEMENT
91,86,44,63,64,GENERAL_IMPROVEMENT
69,44,96,32,57,FOCUS_FINAL
54,72,95,39,69,FOCUS_FINAL
70,98,55,45,66,GENERAL_IMPROVEMENT
84,21,77,85,61,FOCUS_MIDTERM
68,95,40,30,55,FOCUS_FINAL
91,73,99,92,88,GOOD_PROGRESS
67,69,64,31,55,FOCUS_FINAL
44,38,78,76,64,IMPROVE_ATTENDANCE
94,37,63,90,63,FOCUS_MIDTERM
52,22,30,27,26,FOCUS_MIDTERM
37,58,64,71,64,IMPROVE_ATTENDANCE
53,49,60,79,63,GENERAL_IMPROVEMENT
81,40,69,87,65,GENERAL_IMPROVEMENT
79,100,60,63,74,GENERAL_IMPROVEMENT
72,78,60,93,77,GENERAL_IMPROVEMENT
99,68,36,50,51,FOCUS_INTERNAL
70,45,58,98,67,GENERAL_IMPROVEMENT
89,87,28,64,60,FOCUS_INTERNAL
65,99,63,81,81,GENERAL_IMPROVEMENT
82,24,64,70,53,FOCUS_MIDTERM
70,90,63,68,74,GENERAL_IMPROVEMENT
84,68,93,55,72,GENERAL_IMPROVEMENT
53,73,75,87,78,GENERAL_IMPROVEMENT
49,75,96,80,84,IMPROVE_ATTENDANCE
50,20,57,68,48,FOCUS_MIDTERM
46,94,35,23,51,IMPROVE_ATTENDANCE
74,48,43,51,47,GENERAL_IMPROVEMENT
72,95,93,24,71,FOCUS_FINAL
71,65,33,28,42,FOCUS_INTERNAL
31,38,93,69,67,IMPROVE_ATTENDANCE
47,87,93,85,88,IMPROVE_ATTENDANCE
37,64,60,71,65,IMPROVE_ATTENDANCE
54,35,84,38,52,FOCUS_MIDTERM
44,40,45,74,53,IMPROVE_ATTENDANCE
83,84,89,80,84,GOOD_PROGRESS
97,88,39,52,60,FOCUS_INTERNAL
90,93,97,71,87,GOOD_PROGRESS
68,96,22,68,62,FOCUS_INTERNAL
78,63,73,55,64,GENERAL_IMPROVEMENT
34,37,83,59,60,IMPROVE_ATTENDANCE
62,73,86,45,68,GENERAL_IMPROVEMENT
32,52,52,72,59,IMPROVE_ATTENDANCE
61,34,68,80,61,FOCUS_MIDTERM
91,37,76,22,45,FOCUS_MIDTERM
45,32,75,77,61,IMPROVE_ATTENDANCE
59,92,68,38,66,FOCUS_FINAL
43,62,35,73,57,IMPROVE_ATTENDANCE
39,68,88,92,83,IMPROVE_ATTENDANCE
54,81,84,24,63,FOCUS_FINAL
35,56,48,96,67,IMPROVE_ATTENDANCE
52,90,38,27,52,FOCUS_INTERNAL
92,89,33,66,63,FOCUS_INTERNAL
64,59,45,73,59,GENERAL_IMPROVEMENT
50,21,47,33,34,FOCUS_MIDTERM
92,47,33,100,60,FOCUS_INTERNAL
81,57,59,37,51,FOCUS_FINAL
60,37,75,80,64,FOCUS_MIDTERM
34,52,39,66,52,IMPROVE_ATTENDANCE
92,67,99,56,74,GENERAL_IMPROVEMENT
97,20,26,86,44,FOCUS_MIDTERM
86,76,88,85,83,GOOD_PROGRESS
62,35,38,71,48,FOCUS_MIDTERM
72,95,53,90,79,GENERAL_IMPROVEMENT
84,39,52,99,63,FOCUS_MIDTERM
55,25,66,95,62,FOCUS_MIDTERM
91,94,61,22,59,FOCUS_FINAL
48,63,87,49,66,IMPROVE_ATTENDANCE
88,43,91,23,52,FOCUS_FINAL
82,41,99,79,73,GENERAL_IMPROVEMENT
38,69,65,82,72,IMPROVE_ATTENDANCE
77,36,83,75,65,FOCUS_MIDTERM
73,82,27,71,60,FOCUS_INTERNAL
60,59,56,63,59,GENERAL_IMPROVEMENT
36,65,42,25,44,IMPROVE_ATTENDANCE
96,83,54,80,72,GENERAL_IMPROVEMENT
71,46,73,82,67,GENERAL_IMPROVEMENT
86,62,87,38,62,FOCUS_FINAL
77,93,56,49,66,GENERAL_IMPROVEMENT
41,35,66,79,60,IMPROVE_ATTENDANCE
35,68,89,22,60,IMPROVE_ATTENDANCE
57,25,88,41,51,FOCUS_MIDTERM
30,69,77,96,81,IMPROVE_ATTENDANCE
50,47,94,83,75,GENERAL_IMPROVEMENT
49,88,55,81,75,IMPROVE_ATTENDANCE
34,47,74,35,52,IMPROVE_ATTENDANCE
49,61,81,41,61,IMPROVE_ATTENDANCE
65,46,36,52,45,FOCUS_INTERNAL
30,33,23,77,44,IMPROVE_ATTENDANCE
63,84,65,27,59,FOCUS_FINAL
72,100,45,92,79,GENERAL_IMPROVEMENT
74,50,50,58,53,GENERAL_IMPROVEMENT
75,100,90,48,79,GENERAL_IMPROVEMENT
38,74,70,52,65,IMPROVE_ATTENDANCE
100,52,94,29,58,FOCUS_FINAL
91,50,37,44,44,FOCUS_INTERNAL
72,98,71,56,75,GENERAL_IMPROVEMENT
42,62,33,89,61,IMPROVE_ATTENDANCE
64,52,79,22,51,FOCUS_FINAL
58,85,55,86,75,GENERAL_IMPROVEMENT
94,89,76,100,88,GOOD_PROGRESS
52,98,73,34,68,FOCUS_FINAL
52,76,30,68,58,FOCUS_INTERNAL
99,22,70,73,55,FOCUS_MIDTERM
57,42,60,72,58,GENERAL_IMPROVEMENT
53,62,28,46,45,FOCUS_INTERNAL
77,92,88,81,87,GENERAL_IMPROVEMENT
82,41,28,71,47,FOCUS_INTERNAL
84,59,27,55,47,FOCUS_INTERNAL
64,30,59,60,50,FOCUS_MIDTERM
79,84,38,39,54,FOCUS_INTERNAL
71,35,73,95,68,FOCUS_MIDTERM
46,83,23,28,45,IMPROVE_ATTENDANCE
36,95,23,52,57,IMPROVE_ATTENDANCE
80,98,31,28,52,FOCUS_INTERNAL
80,95,29,49,58,FOCUS_INTERNAL
85,63,50,97,70,GENERAL_IMPROVEMENT
57,48,81,35,55,FOCUS_FINAL
64,49,51,76,59,GENERAL_IMPROVEMENT
94,37,43,62,47,FOCUS_MIDTERM
48,40,34,30,35,IMPROVE_ATTENDANCE
68,38,21,91,50,FOCUS_MIDTERM
54,48,74,96,73,GENERAL_IMPROVEMENT
47,86,22,68,59,IMPROVE_ATTENDANCE
73,33,41,65,46,FOCUS_MIDTERM
46,76,23,54,51,IMPROVE_ATTENDANCE
53,50,30,80,53,FOCUS_INTERNAL
